{"cameraMode":{"drawMode":0,"name":"Shaded","section":"Shading Mode"},"sceneLighting":true,"audioPlay":false,"sceneViewState":{"showFog":true,"showMaterialUpdate":true,"showSkybox":true,"showFlares":true,"showImageEffects":true,"showParticleSystems":true},"in2DMode":false,"pivot":{"x":0.0,"y":2.239999771118164,"z":3.3449997901916506},"rotation":{"x":-0.13519799709320069,"y":0.06386001408100128,"z":-0.008731880225241185,"w":-0.9887199997901917},"size":81.5462646484375,"orthographic":true}